Index,Destination node ID
0,8
1,37
2,70
3,101
4,130
5,166
6,171
7,180
8,182
9,186
10,192
11,196
12,198
13,204
14,206
15,212
16,216
17,220
18,224
19,228
20,237
21,265
22,299
23,358
24,395
25,408
26,442
27,455
28,461
29,473
30,502
31,536
32,567
33,585
34,597
35,622
36,634
37,639
38,648
39,685
40,719
41,767
42,779
43,805
44,817
45,830
46,854
47,865
48,878
49,884
50,912
51,923
52,957
53,991
54,1026
55,1050
56,1061
57,1070
58,1085
59,1101
60,1129
61,1162
62,1222
63,1258
64,1263
65,1272
66,1274
67,1278
68,1316
69,1341
70,1350
71,1409
72,1433
73,1446
74,1459
75,1493
76,1506
77,1512
78,1553
79,1587
80,1636
81,1648
82,1673
83,1685
84,1690
85,1699
86,1736
87,1761
88,1770
89,1818
90,1830
91,1854
92,1856
93,1868
94,1881
95,1905
96,1916
97,1929
98,1935
99,1974
100,2008
101,2042
102,2052
103,2077
104,2101
105,2112
106,2121
107,2136
108,2150
109,2152
110,2180
111,2192
112,2214
113,2245
114,2274
115,2310
116,2315
117,2324
118,2326
119,2330
120,2336
121,2340
122,2342
123,2348
124,2350
125,2356
126,2360
127,2364
128,2368
129,2372
130,2381
131,2409
132,2421
133,2444
134,2503
135,2540
136,2553
137,2587
138,2600
139,2606
140,2618
141,2647
142,2681
143,2712
144,2741
145,2777
146,2782
147,2791
148,2828
149,2862
150,2910
151,2922
152,2959
153,2972
154,2996
155,3007
156,3020
157,3026
158,3054
159,3065
160,3099
161,3133
162,3168
163,3192
164,3203
165,3212
166,3227
167,3243
168,3271
169,3283
170,3305
171,3365
172,3401
173,3406
174,3415
175,3417
176,3421
177,3432
178,3460
179,3472
180,3486
181,3495
182,3554
183,3578
184,3591
185,3604
186,3638
187,3651
188,3657
189,3698
190,3732
191,3781
192,3793
193,3829
194,3834
195,3843
196,3880
197,3905
198,3914
199,3973
200,3997
201,4010
202,4023
203,4047
204,4058
205,4071
206,4077
207,4116
208,4150
209,4184
210,4194
211,4219
212,4243
213,4254
214,4263
215,4278
