Index,Merge node ID
0,2049
1,2051
2,4102
3,7
4,4104
5,9
6,4106
7,16
8,2064
9,2066
10,4117
11,22
12,24
13,4123
14,4125
15,2078
16,32
17,2084
18,2086
19,40
20,4137
21,4139
22,46
23,48
24,2098
25,2100
26,4151
27,60
28,4157
29,62
30,4159
31,2118
32,2120
33,4171
34,4173
35,2133
36,2135
37,4185
38,4191
39,4193
40,100
41,2149
42,102
43,2151
44,110
45,2159
46,4206
47,4208
48,116
49,2165
50,118
51,2167
52,4220
53,125
54,2175
55,4226
56,132
57,4228
58,2183
59,138
60,140
61,2189
62,2191
63,4240
64,4242
65,152
66,154
67,2204
68,2206
69,4260
70,4262
71,4275
72,4277
73,2244
74,2246
75,2254
76,2260
77,2262
78,2269
79,2276
80,234
81,2282
82,236
83,2284
84,244
85,2296
86,250
87,2298
88,252
89,260
90,268
91,274
92,276
93,283
94,289
95,291
96,328
97,330
98,2378
99,2380
100,338
101,2388
102,344
103,346
104,2394
105,2396
106,353
107,2404
108,360
109,2412
110,366
111,368
112,2418
113,2420
114,375
115,2428
116,381
117,383
118,2434
119,2436
120,409
121,415
122,417
123,2473
124,2475
125,429
126,431
127,2483
128,2489
129,2491
130,2498
131,2505
132,460
133,2511
134,464
135,2513
136,472
137,2520
138,474
139,2526
140,2528
141,481
142,487
143,489
144,497
145,505
146,2554
147,511
148,2560
149,513
150,2562
151,520
152,526
153,2574
154,528
155,2576
156,2605
157,2609
158,566
159,568
160,2617
161,2619
162,576
163,2626
164,582
165,584
166,2632
167,2634
168,592
169,2642
170,599
171,2650
172,605
173,607
174,2656
175,2658
176,2665
177,619
178,621
179,2671
180,2673
181,649
182,655
183,657
184,2711
185,664
186,2713
187,670
188,672
189,2721
190,2727
191,680
192,2729
193,688
194,2736
195,694
196,2743
197,696
198,2749
199,703
200,2751
201,709
202,711
203,2763
204,2765
205,2792
206,748
207,750
208,2798
209,2800
210,758
211,2807
212,764
213,2813
214,766
215,2815
216,774
217,2823
218,781
219,2831
220,787
221,789
222,2837
223,2839
224,796
225,2846
226,802
227,804
228,2852
229,2854
230,831
231,837
232,839
233,2891
234,2893
235,851
236,853
237,2901
238,2907
239,2909
240,2917
241,2924
242,2930
243,883
244,2932
245,887
246,889
247,2939
248,895
249,897
250,2945
251,2947
252,909
253,911
254,924
255,2973
256,930
257,2979
258,932
259,2981
260,944
261,2993
262,946
263,2995
264,958
265,964
266,966
267,3025
268,978
269,980
270,3029
271,3031
272,3037
273,3039
274,992
275,998
276,1000
277,1002
278,3051
279,3053
280,1013
281,1015
282,3066
283,3072
284,3074
285,1027
286,1033
287,1035
288,3086
289,3088
290,1047
291,1049
292,3100
293,3106
294,3108
295,1067
296,1069
297,3120
298,3122
299,1082
300,1084
301,3134
302,1092
303,3140
304,3142
305,3144
306,1098
307,1100
308,3155
309,1108
310,3157
311,1114
312,1116
313,3169
314,1124
315,3175
316,3177
317,1132
318,1138
319,1140
320,3189
321,3191
322,1152
323,1154
324,3209
325,3211
326,3224
327,3226
328,1186
329,3234
330,1192
331,3240
332,1194
333,3242
334,1202
335,3250
336,1208
337,3256
338,1210
339,3258
340,1217
341,3266
342,1224
343,3274
344,1230
345,1232
346,3280
347,3282
348,1244
349,1246
350,3295
351,3297
352,3329
353,1286
354,3335
355,1288
356,3337
357,1295
358,3345
359,1301
360,1303
361,3351
362,3353
363,1311
364,3360
365,1319
366,3367
367,1325
368,3373
369,1327
370,3375
371,3387
372,1340
373,3389
374,1342
375,1379
376,1381
377,3429
378,3431
379,1389
380,3439
381,1395
382,1397
383,3445
384,3447
385,1404
386,3455
387,1411
388,3463
389,1417
390,1419
391,3469
392,3471
393,1432
394,1434
395,3485
396,3487
397,1460
398,1466
399,1468
400,3524
401,3526
402,1480
403,1482
404,3534
405,3540
406,3542
407,3549
408,3556
409,1511
410,3562
411,1515
412,3564
413,1517
414,1523
415,1525
416,3577
417,3579
418,1532
419,1538
420,1540
421,1548
422,1556
423,3605
424,1562
425,3611
426,1564
427,3613
428,1571
429,1577
430,3625
431,1579
432,3627
433,3656
434,1611
435,3660
436,3662
437,1617
438,1619
439,3668
440,3670
441,1627
442,3677
443,1633
444,1635
445,3683
446,3685
447,1643
448,3693
449,1650
450,3701
451,1656
452,1658
453,3707
454,3709
455,3716
456,1670
457,1672
458,3722
459,3724
460,1700
461,1706
462,1708
463,3756
464,3762
465,1715
466,3764
467,1721
468,1723
469,3772
470,3778
471,1731
472,3780
473,1739
474,3788
475,1745
476,1747
477,3795
478,3801
479,3803
480,1760
481,1762
482,3815
483,3817
484,3844
485,1799
486,1801
487,3850
488,3852
489,1809
490,3859
491,1815
492,1817
493,3865
494,3867
495,1825
496,3875
497,1832
498,3883
499,1838
500,1840
501,3889
502,3891
503,1853
504,1855
505,3904
506,3906
507,1882
508,1888
509,1890
510,3943
511,3945
512,1902
513,1904
514,3953
515,3959
516,3961
517,3968
518,3975
519,3981
520,1934
521,3983
522,1938
523,1940
524,1946
525,1948
526,3996
527,3998
528,1960
529,1962
530,1964
531,1975
532,4024
533,1981
534,4030
535,1983
536,4032
537,1995
538,4044
539,1997
540,4046
541,2009
542,2015
543,2017
544,4076
545,2029
546,2031
547,4080
548,4082
549,4088
550,4090
551,2043
