Index,Signal control node ID
0,4
1,6
2,13
3,15
4,19
5,21
6,29
7,31
8,43
9,45
10,52
11,54
12,57
13,59
14,66
15,68
16,77
17,79
18,85
19,87
20,91
21,97
22,99
23,107
24,109
25,113
26,115
27,122
28,124
29,135
30,137
31,144
32,146
33,149
34,151
35,158
36,160
37,168
38,170
39,175
40,231
41,233
42,241
43,243
44,247
45,249
46,257
47,259
48,271
49,273
50,280
51,282
52,286
53,288
54,295
55,297
56,306
57,308
58,314
59,316
60,320
61,325
62,327
63,335
64,337
65,341
66,343
67,350
68,352
69,363
70,365
71,372
72,374
73,378
74,380
75,387
76,389
77,397
78,399
79,403
80,412
81,414
82,421
83,423
84,426
85,428
86,435
87,437
88,445
89,449
90,451
91,457
92,459
93,463
94,469
95,471
96,478
97,480
98,484
99,486
100,494
101,496
102,508
103,510
104,517
105,519
106,523
107,525
108,532
109,534
110,543
111,545
112,551
113,553
114,557
115,563
116,565
117,573
118,575
119,579
120,581
121,589
122,591
123,602
124,604
125,611
126,613
127,616
128,618
129,626
130,628
131,636
132,638
133,643
134,652
135,654
136,661
137,663
138,667
139,669
140,677
141,679
142,691
143,693
144,700
145,702
146,706
147,708
148,715
149,717
150,726
151,728
152,734
153,736
154,740
155,745
156,747
157,755
158,757
159,761
160,763
161,771
162,773
163,784
164,786
165,793
166,795
167,799
168,801
169,809
170,811
171,819
172,821
173,825
174,834
175,836
176,843
177,845
178,848
179,850
180,858
181,860
182,868
183,872
184,874
185,880
186,882
187,886
188,892
189,894
190,901
191,903
192,906
193,908
194,916
195,918
196,927
197,929
198,936
199,938
200,941
201,943
202,950
203,952
204,961
205,963
206,970
207,972
208,975
209,977
210,984
211,986
212,995
213,997
214,1005
215,1007
216,1010
217,1012
218,1019
219,1021
220,1030
221,1032
222,1039
223,1041
224,1044
225,1046
226,1054
227,1056
228,1064
229,1066
230,1074
231,1076
232,1079
233,1081
234,1089
235,1091
236,1095
237,1097
238,1105
239,1107
240,1111
241,1113
242,1121
243,1123
244,1135
245,1137
246,1144
247,1146
248,1149
249,1151
250,1158
251,1160
252,1169
253,1171
254,1177
255,1179
256,1183
257,1189
258,1191
259,1199
260,1201
261,1205
262,1207
263,1214
264,1216
265,1227
266,1229
267,1236
268,1238
269,1241
270,1243
271,1250
272,1252
273,1260
274,1262
275,1267
276,1283
277,1285
278,1292
279,1294
280,1298
281,1300
282,1308
283,1310
284,1322
285,1324
286,1331
287,1333
288,1337
289,1339
290,1346
291,1348
292,1357
293,1359
294,1365
295,1367
296,1371
297,1376
298,1378
299,1386
300,1388
301,1392
302,1394
303,1401
304,1403
305,1414
306,1416
307,1423
308,1425
309,1429
310,1431
311,1438
312,1440
313,1448
314,1450
315,1454
316,1463
317,1465
318,1472
319,1474
320,1477
321,1479
322,1486
323,1488
324,1496
325,1500
326,1502
327,1508
328,1510
329,1514
330,1520
331,1522
332,1529
333,1531
334,1535
335,1537
336,1545
337,1547
338,1559
339,1561
340,1568
341,1570
342,1574
343,1576
344,1583
345,1585
346,1594
347,1596
348,1602
349,1604
350,1608
351,1614
352,1616
353,1624
354,1626
355,1630
356,1632
357,1640
358,1642
359,1653
360,1655
361,1662
362,1664
363,1667
364,1669
365,1677
366,1679
367,1687
368,1689
369,1694
370,1703
371,1705
372,1712
373,1714
374,1718
375,1720
376,1728
377,1730
378,1742
379,1744
380,1751
381,1753
382,1757
383,1759
384,1766
385,1768
386,1777
387,1779
388,1785
389,1787
390,1791
391,1796
392,1798
393,1806
394,1808
395,1812
396,1814
397,1822
398,1824
399,1835
400,1837
401,1844
402,1846
403,1850
404,1852
405,1860
406,1862
407,1870
408,1872
409,1876
410,1885
411,1887
412,1894
413,1896
414,1899
415,1901
416,1909
417,1911
418,1919
419,1923
420,1925
421,1931
422,1933
423,1937
424,1943
425,1945
426,1952
427,1954
428,1957
429,1959
430,1967
431,1969
432,1978
433,1980
434,1987
435,1989
436,1992
437,1994
438,2001
439,2003
440,2012
441,2014
442,2021
443,2023
444,2026
445,2028
446,2035
447,2037
448,2046
449,2048
450,2056
451,2058
452,2061
453,2063
454,2070
455,2072
456,2081
457,2083
458,2090
459,2092
460,2095
461,2097
462,2105
463,2107
464,2115
465,2117
466,2125
467,2127
468,2130
469,2132
470,2140
471,2142
472,2146
473,2148
474,2156
475,2158
476,2162
477,2164
478,2172
479,2174
480,2186
481,2188
482,2196
483,2198
484,2201
485,2203
486,2210
487,2212
488,2221
489,2223
490,2229
491,2231
492,2235
493,2241
494,2243
495,2251
496,2253
497,2257
498,2259
499,2266
500,2268
501,2279
502,2281
503,2288
504,2290
505,2293
506,2295
507,2302
508,2304
509,2312
510,2314
511,2319
512,2375
513,2377
514,2385
515,2387
516,2391
517,2393
518,2401
519,2403
520,2415
521,2417
522,2425
523,2427
524,2431
525,2433
526,2440
527,2442
528,2451
529,2453
530,2459
531,2461
532,2465
533,2470
534,2472
535,2480
536,2482
537,2486
538,2488
539,2495
540,2497
541,2508
542,2510
543,2517
544,2519
545,2523
546,2525
547,2532
548,2534
549,2542
550,2544
551,2548
552,2557
553,2559
554,2566
555,2568
556,2571
557,2573
558,2580
559,2582
560,2590
561,2594
562,2596
563,2602
564,2604
565,2608
566,2614
567,2616
568,2623
569,2625
570,2629
571,2631
572,2639
573,2641
574,2653
575,2655
576,2662
577,2664
578,2668
579,2670
580,2677
581,2679
582,2688
583,2690
584,2696
585,2698
586,2702
587,2708
588,2710
589,2718
590,2720
591,2724
592,2726
593,2733
594,2735
595,2746
596,2748
597,2755
598,2757
599,2760
600,2762
601,2769
602,2771
603,2779
604,2781
605,2786
606,2795
607,2797
608,2804
609,2806
610,2810
611,2812
612,2820
613,2822
614,2834
615,2836
616,2843
617,2845
618,2849
619,2851
620,2858
621,2860
622,2869
623,2871
624,2877
625,2879
626,2883
627,2888
628,2890
629,2898
630,2900
631,2904
632,2906
633,2914
634,2916
635,2927
636,2929
637,2936
638,2938
639,2942
640,2944
641,2951
642,2953
643,2961
644,2963
645,2967
646,2976
647,2978
648,2985
649,2987
650,2990
651,2992
652,3000
653,3002
654,3010
655,3014
656,3016
657,3022
658,3024
659,3028
660,3034
661,3036
662,3043
663,3045
664,3048
665,3050
666,3058
667,3060
668,3069
669,3071
670,3078
671,3080
672,3083
673,3085
674,3092
675,3094
676,3103
677,3105
678,3112
679,3114
680,3117
681,3119
682,3126
683,3128
684,3137
685,3139
686,3147
687,3149
688,3152
689,3154
690,3161
691,3163
692,3172
693,3174
694,3181
695,3183
696,3186
697,3188
698,3196
699,3198
700,3206
701,3208
702,3216
703,3218
704,3221
705,3223
706,3231
707,3233
708,3237
709,3239
710,3247
711,3249
712,3253
713,3255
714,3263
715,3265
716,3277
717,3279
718,3287
719,3289
720,3292
721,3294
722,3301
723,3303
724,3312
725,3314
726,3320
727,3322
728,3326
729,3332
730,3334
731,3342
732,3344
733,3348
734,3350
735,3357
736,3359
737,3370
738,3372
739,3379
740,3381
741,3384
742,3386
743,3393
744,3395
745,3403
746,3405
747,3410
748,3426
749,3428
750,3436
751,3438
752,3442
753,3444
754,3452
755,3454
756,3466
757,3468
758,3476
759,3478
760,3482
761,3484
762,3491
763,3493
764,3502
765,3504
766,3510
767,3512
768,3516
769,3521
770,3523
771,3531
772,3533
773,3537
774,3539
775,3546
776,3548
777,3559
778,3561
779,3568
780,3570
781,3574
782,3576
783,3583
784,3585
785,3593
786,3595
787,3599
788,3608
789,3610
790,3617
791,3619
792,3622
793,3624
794,3631
795,3633
796,3641
797,3645
798,3647
799,3653
800,3655
801,3659
802,3665
803,3667
804,3674
805,3676
806,3680
807,3682
808,3690
809,3692
810,3704
811,3706
812,3713
813,3715
814,3719
815,3721
816,3728
817,3730
818,3739
819,3741
820,3747
821,3749
822,3753
823,3759
824,3761
825,3769
826,3771
827,3775
828,3777
829,3785
830,3787
831,3798
832,3800
833,3807
834,3809
835,3812
836,3814
837,3821
838,3823
839,3831
840,3833
841,3838
842,3847
843,3849
844,3856
845,3858
846,3862
847,3864
848,3872
849,3874
850,3886
851,3888
852,3895
853,3897
854,3901
855,3903
856,3910
857,3912
858,3921
859,3923
860,3929
861,3931
862,3935
863,3940
864,3942
865,3950
866,3952
867,3956
868,3958
869,3965
870,3967
871,3978
872,3980
873,3987
874,3989
875,3993
876,3995
877,4002
878,4004
879,4012
880,4014
881,4018
882,4027
883,4029
884,4036
885,4038
886,4041
887,4043
888,4051
889,4053
890,4061
891,4065
892,4067
893,4073
894,4075
895,4079
896,4085
897,4087
898,4094
899,4096
900,4099
901,4101
902,4109
903,4111
904,4120
905,4122
906,4129
907,4131
908,4134
909,4136
910,4143
911,4145
912,4154
913,4156
914,4163
915,4165
916,4168
917,4170
918,4177
919,4179
920,4188
921,4190
922,4198
923,4200
924,4203
925,4205
926,4212
927,4214
928,4223
929,4225
930,4232
931,4234
932,4237
933,4239
934,4247
935,4249
936,4257
937,4259
938,4267
939,4269
940,4272
941,4274
942,4282
943,4284
